                  epoch,         train/box_loss,         train/cls_loss,         train/dfl_loss,   metrics/precision(B),      metrics/recall(B),       metrics/mAP50(B),    metrics/mAP50-95(B),           val/box_loss,           val/cls_loss,           val/dfl_loss,                 lr/pg0,                 lr/pg1,                 lr/pg2
                      1,                 3.0556,                  4.287,                 4.2519,                0.00153,                0.44643,                 0.0014,                0.00064,                 2.3262,                 4.4299,                 4.1584,                  6e-05,                  6e-05,                  6e-05
                      2,                 2.9802,                 4.4074,                 4.2231,                0.00154,                0.44643,                 0.0014,                0.00063,                 2.3243,                 4.4283,                 4.1579,             0.00013945,             0.00013945,             0.00013945
                      3,                 2.8641,                 4.3474,                 4.1976,                0.00155,                0.44643,                0.00145,                0.00063,                 2.3219,                 4.4267,                 4.1552,             0.00021826,             0.00021826,             0.00021826
                      4,                  2.959,                 4.2031,                 4.1684,                0.00156,                0.42857,                0.00149,                0.00064,                  2.318,                 4.4255,                 4.1506,             0.00029644,             0.00029644,             0.00029644
                      5,                 2.9341,                 4.1104,                 4.1528,                0.00155,                0.42857,                0.00222,                0.00073,                 2.3142,                 4.4234,                 4.1461,             0.00037398,             0.00037398,             0.00037398
                      6,                 2.6807,                 3.9659,                 4.0985,                0.00151,                0.42857,                0.00249,                0.00083,                  2.312,                 4.4198,                 4.1391,             0.00045089,             0.00045089,             0.00045089
                      7,                 2.8628,                 3.7271,                 4.0717,                0.00152,                0.42857,                0.00186,                0.00074,                 2.3026,                 4.4001,                 4.1305,             0.00052717,             0.00052717,             0.00052717
                      8,                 2.9164,                 3.7388,                 3.9561,                0.00153,                0.44643,                0.00318,                0.00086,                 2.2966,                 4.4142,                  4.123,             0.00060281,             0.00060281,             0.00060281
                      9,                 2.8261,                 3.5293,                 3.8636,                0.00155,                0.44643,                0.00348,                0.00095,                  2.295,                 4.3883,                  4.122,             0.00067782,             0.00067782,             0.00067782
                     10,                 2.9287,                 3.3867,                 3.8188,                0.00155,                0.44643,                0.00349,                0.00093,                 2.2983,                 4.3462,                 4.1284,              0.0007522,              0.0007522,              0.0007522
                     11,                 2.8824,                 3.1892,                 3.6776,                0.00151,                0.42857,                 0.0037,                0.00106,                 2.2961,                 4.3098,                 4.1252,             0.00082594,             0.00082594,             0.00082594
                     12,                  2.869,                  3.086,                 3.6361,                0.00154,                0.44643,                 0.0029,                0.00081,                 2.2963,                 4.3019,                 4.1393,             0.00089905,             0.00089905,             0.00089905
                     13,                 2.8554,                 3.0774,                 3.5683,                0.00159,                0.44643,                0.00225,                 0.0007,                 2.2969,                 4.3221,                 4.1456,             0.00097153,             0.00097153,             0.00097153
                     14,                 2.9601,                 2.9431,                  3.476,                0.00159,                0.44643,                0.00275,                0.00081,                 2.2952,                 4.2846,                 4.1453,              0.0010434,              0.0010434,              0.0010434
                     15,                  2.998,                 2.9482,                 3.4848,                0.00158,                0.44643,                0.00195,                0.00062,                 2.2681,                 4.4045,                 4.1059,              0.0011146,              0.0011146,              0.0011146
                     16,                 2.5887,                 2.6395,                 3.3889,                0.00157,                0.44643,                0.00123,                0.00053,                 2.2726,                 4.4756,                 4.1252,              0.0011852,              0.0011852,              0.0011852
                     17,                 2.6478,                 2.7113,                 3.3158,                0.00164,                0.44643,                0.00135,                0.00058,                 2.2807,                 4.4645,                 4.1696,              0.0012551,              0.0012551,              0.0012551
                     18,                 2.7524,                 2.8883,                 3.2986,                0.00152,                0.41071,                0.00191,                0.00073,                 2.3029,                 4.3516,                  4.236,              0.0013244,              0.0013244,              0.0013244
                     19,                 2.5095,                 2.8081,                 3.2142,                0.00152,                0.41071,                0.00157,                0.00061,                 2.3201,                 4.3971,                  4.275,              0.0013931,              0.0013931,              0.0013931
                     20,                 2.6283,                 2.6808,                   3.29,                0.00109,                0.16071,                0.00071,                0.00019,                 2.3529,                 4.4711,                 4.3383,              0.0014611,              0.0014611,              0.0014611
                     21,                 2.4801,                 2.7383,                 3.1985,                0.00155,                0.41071,                0.00109,                0.00045,                 2.3559,                 4.1424,                 4.3838,              0.0015285,              0.0015285,              0.0015285
                     22,                  2.427,                 2.6584,                 3.1105,                0.00158,                0.41071,                0.00117,                0.00047,                 2.3492,                 4.1683,                 4.3936,              0.0015953,              0.0015953,              0.0015953
                     23,                 2.4414,                 2.4767,                 3.0526,                0.00159,                0.16071,                0.00178,                0.00028,                 2.3558,                 4.2142,                 4.4221,              0.0016614,              0.0016614,              0.0016614
                     24,                 2.6762,                 2.3995,                 3.2362,                0.00135,                0.10714,                0.00831,                0.00088,                  2.347,                 4.2403,                 4.4047,              0.0017269,              0.0017269,              0.0017269
                     25,                 2.4809,                 2.3906,                 3.1593,                0.00092,                0.07143,                0.00566,                0.00061,                 2.3047,                 4.2714,                 4.3047,              0.0017918,              0.0017918,              0.0017918
                     26,                 2.4903,                 2.3897,                 3.0905,                0.00116,                0.08929,                0.00227,                0.00027,                 2.2485,                 4.2715,                 4.1801,               0.001802,               0.001802,               0.001802
                     27,                 2.4867,                 2.4835,                 3.0764,                0.00093,                0.07143,                0.00128,                0.00017,                 2.2247,                 4.2529,                 4.1131,              0.0017941,              0.0017941,              0.0017941
                     28,                 2.5526,                 2.5477,                 3.0765,                0.00094,                0.07143,                0.00154,                 0.0002,                 2.2078,                 4.2134,                 4.0626,              0.0017862,              0.0017862,              0.0017862
                     29,                 2.3272,                 2.3464,                 2.9947,                0.00116,                0.08929,                0.00299,                0.00042,                 2.1888,                 4.1679,                 3.9874,              0.0017782,              0.0017782,              0.0017782
                     30,                 2.5343,                 2.6683,                 3.1747,                0.00475,                0.39286,                0.10459,                0.02428,                 2.1406,                  3.947,                 3.7623,              0.0017703,              0.0017703,              0.0017703
                     31,                 2.5281,                   2.49,                 3.0024,                0.00723,                   0.75,                0.28317,                0.11077,                 2.0168,                 3.4862,                  3.389,              0.0017624,              0.0017624,              0.0017624
                     32,                 2.3046,                 2.1612,                 2.9713,                0.29518,                0.16071,                0.16293,                0.05574,                  2.094,                  3.507,                 4.0262,              0.0017545,              0.0017545,              0.0017545
                     33,                  2.406,                 2.2211,                 3.0288,                0.51401,                0.10714,                0.12151,                0.03941,                  2.271,                 3.4785,                  4.878,              0.0017466,              0.0017466,              0.0017466
                     34,                 2.5169,                 2.4206,                 3.1231,                0.45255,                0.08929,                0.13857,                0.06246,                 2.1525,                 3.5207,                 4.3867,              0.0017386,              0.0017386,              0.0017386
                     35,                 2.4784,                 2.1639,                 3.0544,                0.00323,                0.64286,                0.01036,                0.00341,                 2.4723,                 4.0557,                 5.3274,              0.0017307,              0.0017307,              0.0017307
                     36,                 2.3708,                 2.2569,                 2.9523,                0.13984,                0.16071,                0.08181,                0.01707,                 2.3973,                 3.8178,                  4.111,              0.0017228,              0.0017228,              0.0017228
                     37,                 2.3258,                 2.0585,                  2.946,                0.76821,                0.57143,                0.64599,                0.16425,                  2.079,                 2.7158,                 3.0173,              0.0017149,              0.0017149,              0.0017149
                     38,                 2.2949,                 2.1274,                 3.0027,                0.62903,                0.57143,                0.65363,                0.28437,                  1.847,                 3.3474,                  2.715,               0.001707,               0.001707,               0.001707
                     39,                 2.5872,                 2.1674,                 3.1607,                0.70822,                0.52017,                0.67741,                0.34757,                 1.7986,                 2.1904,                 2.6581,               0.001699,               0.001699,               0.001699
                     40,                  2.234,                 2.1923,                 2.8862,                0.19389,                0.16071,                 0.1821,                0.06908,                 1.9952,                 3.1269,                 4.6028,              0.0016911,              0.0016911,              0.0016911
                     41,                 2.1557,                 1.9867,                 2.7769,                0.03438,                0.16071,                0.02568,                0.00918,                  2.291,                  4.814,                 7.1133,              0.0016832,              0.0016832,              0.0016832
                     42,                 2.1856,                 2.0048,                 2.8765,                0.00451,                0.60714,                0.01231,                0.00466,                  2.255,                 5.4134,                 5.5678,              0.0016753,              0.0016753,              0.0016753
                     43,                 2.1357,                 1.8414,                 2.7297,                0.03699,                0.10714,                0.01488,                0.00499,                 2.2969,                 5.0109,                 5.2064,              0.0016674,              0.0016674,              0.0016674
                     44,                 1.9896,                  1.817,                 2.7378,                0.14037,                0.10714,                0.03897,                0.01738,                 1.8137,                 3.7872,                 3.5777,              0.0016594,              0.0016594,              0.0016594
                     45,                 2.2624,                 1.9952,                 2.9906,                  0.338,                0.01786,                0.08059,                0.04091,                 1.5626,                  3.683,                 2.8388,              0.0016515,              0.0016515,              0.0016515
                     46,                 2.1261,                  1.927,                 2.8039,                0.20094,                0.39286,                0.14609,                0.08243,                 1.5642,                 3.5164,                 2.7457,              0.0016436,              0.0016436,              0.0016436
                     47,                 2.0928,                  1.913,                 2.8585,                 0.1241,                0.51786,                 0.1308,                0.06542,                 1.6356,                 3.4786,                 2.9001,              0.0016357,              0.0016357,              0.0016357
                     48,                  2.148,                 1.7164,                 2.8505,                0.78975,                0.41071,                0.62451,                0.29411,                 1.8032,                 2.3849,                 2.8888,              0.0016278,              0.0016278,              0.0016278
                     49,                 1.9468,                 1.6411,                 2.7063,                0.83756,                0.44643,                0.62135,                0.27626,                 1.8628,                 2.3545,                 2.8022,              0.0016198,              0.0016198,              0.0016198
                     50,                 1.8994,                  1.674,                 2.7022,                0.56447,                0.42857,                0.42737,                0.14891,                  1.831,                 2.8481,                 2.7126,              0.0016119,              0.0016119,              0.0016119
                     51,                  1.909,                 1.7028,                  2.671,                0.65117,                    0.5,                0.66718,                0.30468,                 1.6664,                 2.2754,                  2.552,               0.001604,               0.001604,               0.001604
                     52,                 1.9799,                 1.6875,                 2.6192,                 0.9163,                0.80357,                0.91675,                0.52144,                 1.5847,                 1.6809,                 2.4706,              0.0015961,              0.0015961,              0.0015961
                     53,                 1.9135,                 1.7276,                 2.6279,                0.35274,                0.25309,                0.36161,                0.18007,                 1.7544,                 2.8126,                 2.7034,              0.0015882,              0.0015882,              0.0015882
                     54,                 1.9783,                 1.5795,                 2.6223,                0.20514,                0.16071,                0.11538,                0.06671,                 1.9337,                 3.6225,                 3.0386,              0.0015802,              0.0015802,              0.0015802
                     55,                 1.8942,                 1.6932,                 2.6478,                 0.1897,                0.14286,                0.07537,                0.04479,                 1.9705,                 3.6565,                 3.1597,              0.0015723,              0.0015723,              0.0015723
                     56,                 1.7929,                 1.7168,                  2.633,                0.33745,                0.19643,                0.22093,                0.07852,                 1.8445,                 3.0011,                 2.7799,              0.0015644,              0.0015644,              0.0015644
                     57,                  1.825,                 1.5519,                 2.5645,                0.87117,                0.78571,                0.89686,                0.41366,                 1.6014,                 1.8002,                 2.5924,              0.0015565,              0.0015565,              0.0015565
                     58,                 2.1368,                 1.6229,                 2.7677,                0.89748,                0.93806,                0.97076,                0.57946,                 1.3635,                 1.4122,                 2.3195,              0.0015486,              0.0015486,              0.0015486
                     59,                 1.8413,                 1.5619,                 2.5812,                0.73375,                0.78742,                0.84022,                0.52291,                  1.321,                 1.7263,                 2.2927,              0.0015406,              0.0015406,              0.0015406
                     60,                 1.8234,                 1.5559,                 2.5543,                0.76304,                0.80357,                0.88154,                0.55505,                 1.3169,                 1.5933,                 2.2863,              0.0015327,              0.0015327,              0.0015327
                     61,                 1.7897,                 1.4865,                 2.4869,                0.55517,                0.66071,                0.58909,                0.36354,                 1.3551,                 2.0542,                 2.3418,              0.0015248,              0.0015248,              0.0015248
                     62,                 2.0407,                 1.6756,                 2.6685,                0.31924,                0.39359,                0.34827,                0.19395,                 1.3967,                 2.5762,                 2.4011,              0.0015169,              0.0015169,              0.0015169
                     63,                 2.0518,                  1.544,                 2.5899,                0.94065,                0.19643,                0.31486,                 0.1869,                 1.5787,                 2.7958,                 2.6745,               0.001509,               0.001509,               0.001509
                     64,                 1.7092,                 1.3758,                 2.2986,                0.78294,                0.38662,                0.49506,                 0.2613,                 1.7521,                 2.5318,                 2.8449,               0.001501,               0.001501,               0.001501
                     65,                 1.8528,                 1.3713,                 2.5445,                0.73927,                0.67857,                0.72179,                0.38516,                 1.6449,                 2.0619,                 2.5667,              0.0014931,              0.0014931,              0.0014931
                     66,                  1.942,                 1.4908,                 2.5753,                0.91305,                0.75008,                0.87575,                0.49433,                 1.5169,                 1.5127,                 2.3624,              0.0014852,              0.0014852,              0.0014852
                     67,                 1.7341,                 1.4142,                 2.3509,                0.91939,                0.81476,                0.89569,                0.49562,                 1.5786,                 1.5081,                 2.4153,              0.0014773,              0.0014773,              0.0014773
                     68,                 1.7165,                 1.4419,                 2.4625,                0.91736,                0.48214,                0.65857,                0.34704,                 1.7858,                 1.9917,                 2.7292,              0.0014694,              0.0014694,              0.0014694
                     69,                 1.8147,                 1.4186,                  2.535,                0.73721,                0.30357,                 0.4142,                0.23753,                 1.6392,                  2.586,                 2.6088,              0.0014614,              0.0014614,              0.0014614
                     70,                 1.6822,                 1.3281,                 2.4383,                0.91108,                0.17857,                0.24081,                0.11487,                  1.479,                 3.0856,                 2.5481,              0.0014535,              0.0014535,              0.0014535
                     71,                 1.6741,                 1.2797,                 2.4044,                0.70254,                0.19643,                0.31624,                0.14069,                 1.4696,                 2.8532,                 2.4958,              0.0014456,              0.0014456,              0.0014456
                     72,                 1.7175,                 1.3757,                 2.4254,                      1,                0.65912,                0.83141,                 0.4758,                 1.3871,                 1.8029,                 2.3148,              0.0014377,              0.0014377,              0.0014377
                     73,                 1.6115,                 1.2833,                 2.3011,                0.89419,                0.90553,                0.94634,                0.61245,                 1.2542,                 1.2127,                 2.1571,              0.0014298,              0.0014298,              0.0014298
                     74,                 1.6862,                 1.3806,                 2.3705,                0.90338,                0.85714,                0.94857,                0.59349,                 1.3032,                 1.3432,                 2.1435,              0.0014218,              0.0014218,              0.0014218
                     75,                 1.7049,                 1.4173,                 2.3483,                0.93612,                0.83929,                0.94218,                0.60287,                 1.2873,                 1.6727,                 2.0516,              0.0014139,              0.0014139,              0.0014139
                     76,                 1.7103,                  1.324,                  2.378,                0.97946,                0.69643,                0.91372,                0.63547,                 1.2105,                  1.839,                 2.0023,               0.001406,               0.001406,               0.001406
                     77,                 1.6245,                 1.3142,                 2.2559,                0.86328,                0.94643,                0.95939,                0.65446,                 1.1912,                 1.5415,                 2.0364,              0.0013981,              0.0013981,              0.0013981
                     78,                 1.6548,                 1.3648,                 2.3748,                0.76743,                0.88396,                0.93714,                0.65474,                 1.2293,                 1.3773,                 2.0846,              0.0013902,              0.0013902,              0.0013902
                     79,                 1.5445,                 1.2045,                 2.2532,                0.74096,                0.96429,                0.91469,                0.65259,                 1.2353,                 1.4315,                 2.0767,              0.0013822,              0.0013822,              0.0013822
                     80,                 1.5685,                 1.1945,                 2.2859,                0.68775,                0.92857,                0.87407,                0.61876,                 1.2121,                 1.9549,                 2.0396,              0.0013743,              0.0013743,              0.0013743
                     81,                 1.6363,                 1.3138,                 2.3906,                0.70049,                0.92857,                0.87448,                0.60549,                 1.2016,                 1.9694,                 2.0153,              0.0013664,              0.0013664,              0.0013664
                     82,                 1.4688,                 1.1966,                 2.2839,                0.78094,                0.92857,                0.93955,                0.59627,                 1.3224,                 1.4916,                 2.0811,              0.0013585,              0.0013585,              0.0013585
                     83,                 1.5083,                 1.2789,                 2.2961,                0.97828,                  0.875,                 0.9795,                0.60168,                 1.3706,                 1.0343,                 2.1182,              0.0013506,              0.0013506,              0.0013506
                     84,                 1.6066,                 1.2076,                 2.3108,                0.95328,                0.94643,                0.98778,                0.69218,                 1.2245,                 0.9613,                 2.0664,              0.0013426,              0.0013426,              0.0013426
                     85,                 1.5625,                 1.1929,                 2.2037,                0.94731,                0.94643,                0.98511,                0.67187,                 1.2248,                 1.0734,                 2.1166,              0.0013347,              0.0013347,              0.0013347
                     86,                 1.5814,                 1.2336,                 2.2247,                0.93047,                0.95601,                0.97658,                0.64289,                 1.2499,                 1.2072,                 2.1642,              0.0013268,              0.0013268,              0.0013268
                     87,                 1.4527,                 1.1864,                 2.2638,                0.91019,                0.90495,                0.95929,                0.67436,                 1.1116,                 1.1561,                 2.0682,              0.0013189,              0.0013189,              0.0013189
                     88,                 1.3703,                   1.21,                 2.1959,                0.93923,                0.94643,                0.97907,                0.66081,                 1.1762,                 1.0286,                 2.0297,               0.001311,               0.001311,               0.001311
                     89,                 1.5926,                 1.2528,                 2.2837,                0.96551,                0.99987,                0.99466,                0.66621,                 1.1367,                0.89445,                 1.9773,               0.001303,               0.001303,               0.001303
                     90,                  1.569,                 1.2178,                 2.2663,                0.99193,                0.98214,                0.99466,                0.70743,                 1.1007,                0.87036,                 1.9451,              0.0012951,              0.0012951,              0.0012951
                     91,                 1.4878,                 1.2238,                 2.3018,                0.95108,                      1,                 0.9936,                0.68834,                  1.167,                0.89875,                 2.0226,              0.0012872,              0.0012872,              0.0012872
                     92,                 1.4826,                 1.2793,                 2.2546,                0.96732,                0.78571,                0.92019,                0.63374,                 1.1468,                 1.2511,                 2.0626,              0.0012793,              0.0012793,              0.0012793
                     93,                 1.4114,                 1.1054,                 2.0936,                0.85834,                0.64286,                0.73821,                0.50121,                 1.1983,                 1.8391,                 2.1708,              0.0012714,              0.0012714,              0.0012714
                     94,                 1.4628,                 1.1989,                 2.1713,                0.70563,                0.67857,                0.70082,                0.46021,                 1.2451,                 1.8533,                 2.2102,              0.0012634,              0.0012634,              0.0012634
                     95,                  1.412,                 1.2294,                 2.0787,                0.91322,                0.75173,                0.86435,                 0.5821,                 1.1743,                 1.4515,                 2.1219,              0.0012555,              0.0012555,              0.0012555
                     96,                 1.5497,                 1.1356,                  2.219,                0.93818,                0.98214,                0.98789,                0.71037,                   1.08,                 0.8543,                 1.9908,              0.0012476,              0.0012476,              0.0012476
                     97,                 1.5059,                 1.1389,                 2.1994,                0.93147,                0.98214,                 0.9912,                0.72962,                 1.0488,                0.78737,                 1.9023,              0.0012397,              0.0012397,              0.0012397
                     98,                 1.3568,                 1.0813,                  2.076,                0.98138,                0.94129,                0.99128,                0.70334,                 1.0871,                  0.816,                 1.8783,              0.0012318,              0.0012318,              0.0012318
                     99,                 1.4846,                 1.0801,                 2.1723,                0.95545,                0.98214,                0.99449,                0.71351,                 1.0448,                0.89024,                 1.8281,              0.0012238,              0.0012238,              0.0012238
                    100,                 1.3619,                 1.0798,                 2.0857,                      1,                0.99301,                  0.995,                  0.727,                0.99492,                 1.0673,                 1.8416,              0.0012159,              0.0012159,              0.0012159
                    101,                 1.4613,                 1.0738,                 2.1523,                 0.9906,                      1,                  0.995,                0.74164,                0.99089,                0.99683,                 1.8355,               0.001208,               0.001208,               0.001208
                    102,                 1.3614,                 1.0295,                 2.1116,                0.98749,                0.98214,                0.99482,                0.73191,                 1.0251,                0.85619,                 1.8384,              0.0012001,              0.0012001,              0.0012001
                    103,                  1.351,                 1.0915,                 2.0683,                0.98189,                 0.9685,                0.99447,                0.69145,                 1.1102,                0.79612,                 1.8882,              0.0011922,              0.0011922,              0.0011922
                    104,                 1.4581,                 1.1355,                 2.1614,                0.96513,                0.98214,                0.99311,                0.72695,                 1.0252,                0.75486,                 1.8385,              0.0011842,              0.0011842,              0.0011842
                    105,                 1.4033,                 1.0672,                 2.0327,                0.94884,                0.99372,                0.99342,                 0.7133,                 1.0276,                 0.7879,                 1.8611,              0.0011763,              0.0011763,              0.0011763
                    106,                 1.2809,                 1.0617,                 1.9913,                0.93297,                0.99431,                0.99103,                0.71001,                 1.0598,                 0.7807,                 1.9211,              0.0011684,              0.0011684,              0.0011684
                    107,                 1.4699,                0.99615,                 2.1104,                0.96406,                0.95803,                0.98572,                0.68529,                 1.1352,                0.82784,                 2.0315,              0.0011605,              0.0011605,              0.0011605
                    108,                 1.4564,                 1.0662,                 2.1933,                0.94047,                0.96429,                0.97642,                0.68209,                 1.1123,                0.81102,                 1.9664,              0.0011526,              0.0011526,              0.0011526
                    109,                 1.3586,                  1.011,                  2.089,                 0.9286,                0.98214,                0.98831,                0.71899,                 1.0345,                 0.7958,                 1.8585,              0.0011446,              0.0011446,              0.0011446
                    110,                  1.352,                0.95064,                 2.0478,                0.94752,                0.98214,                0.98885,                0.72797,                0.99705,                0.76618,                 1.8285,              0.0011367,              0.0011367,              0.0011367
                    111,                 1.3983,                0.96521,                 1.9893,                0.97602,                0.98214,                0.99466,                0.73518,                 1.0011,                 0.7247,                 1.8339,              0.0011288,              0.0011288,              0.0011288
                    112,                 1.3745,                 0.9639,                 2.0471,                0.96029,                0.98214,                0.99253,                0.74545,                0.96886,                0.69904,                 1.7716,              0.0011209,              0.0011209,              0.0011209
                    113,                 1.3699,                0.99197,                 2.0107,                0.94744,                0.96577,                0.99136,                0.75552,                0.94018,                0.75505,                 1.7288,               0.001113,               0.001113,               0.001113
                    114,                 1.2371,                0.97657,                 1.9425,                0.96471,                0.97632,                0.99188,                0.76592,                0.90335,                0.76704,                 1.6636,               0.001105,               0.001105,               0.001105
                    115,                 1.3328,                 1.0222,                 1.9856,                0.91982,                0.98214,                0.98889,                0.72882,                 0.9692,                0.74871,                 1.7179,              0.0010971,              0.0010971,              0.0010971
                    116,                 1.4262,                0.95548,                 1.9313,                0.96198,                0.90377,                0.98536,                0.70426,                 1.0735,                0.87723,                 1.8401,              0.0010892,              0.0010892,              0.0010892
                    117,                  1.407,                0.98644,                 2.0124,                0.93312,                0.99668,                0.99229,                0.70128,                  1.059,                0.72199,                  1.818,              0.0010813,              0.0010813,              0.0010813
                    118,                 1.3003,                 0.9017,                 1.9509,                0.98223,                0.98702,                0.99482,                0.71032,                 1.0125,                0.68264,                 1.7766,              0.0010734,              0.0010734,              0.0010734
                    119,                 1.3104,                0.99657,                  2.005,                      1,                0.99449,                  0.995,                0.71397,                0.97858,                0.72372,                 1.7452,              0.0010654,              0.0010654,              0.0010654
                    120,                 1.2859,                0.97937,                 1.9279,                0.99447,                      1,                  0.995,                0.71126,                 1.0227,                0.75331,                 1.7658,              0.0010575,              0.0010575,              0.0010575
                    121,                 1.2385,                0.94232,                 1.9224,                0.99771,                      1,                  0.995,                0.74915,                 0.9286,                0.67493,                 1.6776,              0.0010496,              0.0010496,              0.0010496
                    122,                 1.1894,                0.91178,                 1.8033,                0.99721,                0.98214,                0.99466,                0.74451,                0.97185,                0.70533,                 1.7573,              0.0010417,              0.0010417,              0.0010417
                    123,                  1.405,                0.97003,                 2.1225,                0.96128,                0.96429,                0.99243,                0.69393,                 1.0791,                0.84809,                 1.8762,              0.0010338,              0.0010338,              0.0010338
                    124,                  1.395,                 1.0348,                 2.0545,                 0.9759,                0.92857,                0.99005,                0.68788,                 1.0769,                0.85878,                 1.8785,              0.0010258,              0.0010258,              0.0010258
                    125,                 1.3299,                0.97388,                 2.0317,                0.96451,                0.97071,                0.99206,                0.75417,                0.89733,                0.77655,                 1.6895,              0.0010179,              0.0010179,              0.0010179
                    126,                 1.2338,                 0.9625,                 1.8943,                0.94759,                0.96429,                0.99199,                0.77135,                 0.9094,                 0.7842,                  1.662,                0.00101,                0.00101,                0.00101
                    127,                 1.3194,                0.94833,                 2.0063,                 0.9811,                0.92857,                0.98832,                0.75943,                0.93348,                0.75483,                 1.6681,              0.0010021,              0.0010021,              0.0010021
                    128,                 1.2606,                 0.9735,                 1.9268,                 0.9714,                0.94643,                0.98887,                0.77117,                0.88898,                0.76615,                 1.6375,             0.00099416,             0.00099416,             0.00099416
                    129,                 1.1636,                0.85523,                 1.8214,                0.98224,                0.98795,                0.99447,                0.74289,                0.99072,                0.75142,                 1.7338,             0.00098624,             0.00098624,             0.00098624
                    130,                 1.2486,                0.92506,                 1.9721,                0.99279,                      1,                  0.995,                0.72173,                 1.0185,                0.73335,                 1.7549,             0.00097832,             0.00097832,             0.00097832
                    131,                 1.2914,                0.97006,                 1.9747,                0.98193,                0.97022,                0.99273,                0.77947,                0.89458,                0.85672,                 1.6476,              0.0009704,              0.0009704,              0.0009704
                    132,                 1.2546,                0.89818,                 1.8906,                0.97884,                0.82619,                0.95834,                0.76751,                0.87597,                 1.0734,                 1.6781,             0.00096248,             0.00096248,             0.00096248
                    133,                 1.1975,                0.90564,                  1.912,                0.94146,                0.86154,                0.96578,                 0.7349,                0.96145,                 1.2514,                  1.772,             0.00095456,             0.00095456,             0.00095456
                    134,                 1.3686,                0.91985,                 1.9788,                0.94716,                0.96038,                0.98953,                0.75963,                0.93999,                 1.2411,                 1.7586,             0.00094664,             0.00094664,             0.00094664
                    135,                 1.1385,                0.84981,                  1.778,                0.96497,                0.98372,                0.98957,                0.76545,                0.90487,                 1.1296,                 1.7477,             0.00093872,             0.00093872,             0.00093872
                    136,                 1.2334,                0.89263,                 1.9019,                0.92927,                0.98214,                 0.9849,                0.72221,                0.97993,                 1.0071,                 1.8155,              0.0009308,              0.0009308,              0.0009308
                    137,                 1.2634,                0.79398,                 1.8884,                 0.9481,                0.97877,                0.98329,                   0.73,                0.97134,                0.89272,                  1.803,             0.00092288,             0.00092288,             0.00092288
                    138,                 1.1806,                0.81762,                 1.8523,                0.91778,                      1,                0.97435,                0.74757,                 0.9078,                  0.833,                 1.7048,             0.00091496,             0.00091496,             0.00091496
                    139,                 1.1539,                0.82327,                 1.7591,                0.94892,                0.99532,                0.99021,                0.75128,                0.94404,                 0.8066,                 1.6835,             0.00090704,             0.00090704,             0.00090704
                    140,                 1.2512,                  0.817,                 1.8892,                0.97327,                      1,                0.99202,                0.77354,                0.87564,                0.73508,                 1.6238,             0.00089912,             0.00089912,             0.00089912
                    141,                 1.3215,                0.89335,                 1.9335,                0.97154,                      1,                0.99132,                0.77271,                0.82765,                0.73674,                 1.6078,              0.0008912,              0.0008912,              0.0008912
                    142,                 1.1945,                0.88178,                 1.8814,                0.97728,                      1,                0.99096,                 0.7653,                0.84517,                0.73805,                   1.64,             0.00088328,             0.00088328,             0.00088328
                    143,                  1.075,                0.78658,                 1.7662,                0.94078,                      1,                0.98783,                0.76584,                0.85195,                0.79979,                 1.6453,             0.00087536,             0.00087536,             0.00087536
                    144,                  1.173,                0.83165,                 1.8271,                0.93055,                      1,                0.99024,                0.76507,                0.88598,                0.81254,                  1.671,             0.00086744,             0.00086744,             0.00086744
                    145,                 1.2318,                0.83856,                 1.7604,                0.91492,                      1,                0.98796,                 0.7554,                0.91207,                0.78866,                 1.6946,             0.00085952,             0.00085952,             0.00085952
                    146,                 1.2286,                0.86805,                 1.8891,                0.91734,                      1,                0.99055,                0.77145,                0.87715,                0.72955,                 1.6636,              0.0008516,              0.0008516,              0.0008516
                    147,                 1.2337,                0.85349,                 1.8759,                0.93744,                0.98214,                0.99104,                0.77982,                0.84836,                0.69219,                 1.6334,             0.00084368,             0.00084368,             0.00084368
                    148,                 1.1997,                0.84865,                 1.8058,                 0.9788,                      1,                0.99482,                0.78474,                0.82721,                0.65367,                 1.5722,             0.00083576,             0.00083576,             0.00083576
                    149,                 1.1275,                0.78661,                 1.7852,                0.99516,                      1,                  0.995,                0.81126,                0.78347,                0.61808,                 1.5108,             0.00082784,             0.00082784,             0.00082784
                    150,                 1.0273,                0.75171,                 1.6731,                0.99844,                      1,                  0.995,                 0.7958,                0.78482,                 0.5692,                 1.5008,             0.00081992,             0.00081992,             0.00081992
                    151,                 1.1717,                0.78968,                 1.7634,                0.99699,                0.98214,                0.99466,                 0.7863,                 0.8291,                0.61467,                 1.5386,               0.000812,               0.000812,               0.000812
                    152,                 1.0804,                0.79802,                 1.7624,                0.99248,                0.98214,                0.99449,                0.80102,                0.81438,                0.70506,                 1.5239,             0.00080408,             0.00080408,             0.00080408
                    153,                 1.0605,                0.76816,                 1.7245,                0.98237,                0.99518,                0.99482,                0.78991,                0.82672,                0.77969,                 1.5244,             0.00079616,             0.00079616,             0.00079616
                    154,                 1.0538,                0.77053,                 1.6109,                0.99659,                      1,                  0.995,                0.78887,                  0.828,                0.78606,                 1.5274,             0.00078824,             0.00078824,             0.00078824
                    155,                 1.0436,                0.78328,                 1.6788,                0.99762,                      1,                  0.995,                0.75919,                0.89183,                 0.7783,                 1.5694,             0.00078032,             0.00078032,             0.00078032
                    156,                 1.1509,                0.78813,                 1.7322,                0.99821,                      1,                  0.995,                0.75466,                0.91465,                0.77007,                 1.5795,              0.0007724,              0.0007724,              0.0007724
                    157,                 1.0932,                0.75534,                 1.7331,                0.99793,                      1,                  0.995,                0.80166,                 0.7748,                0.68291,                 1.4729,             0.00076448,             0.00076448,             0.00076448
                    158,                  1.145,                0.82359,                 1.7652,                0.99526,                      1,                  0.995,                0.78525,                0.80636,                0.76096,                 1.4855,             0.00075656,             0.00075656,             0.00075656
                    159,                 1.1136,                0.80423,                 1.7975,                0.99598,                      1,                  0.995,                0.76066,                0.93087,                0.76961,                 1.5758,             0.00074864,             0.00074864,             0.00074864
                    160,                 1.0975,                0.81199,                 1.7397,                0.99708,                      1,                  0.995,                0.77025,                0.92286,                0.60773,                 1.5575,             0.00074072,             0.00074072,             0.00074072
                    161,                 1.1551,                0.83592,                 1.7472,                      1,                 0.9963,                  0.995,                0.83975,                0.71267,                0.61735,                  1.459,              0.0007328,              0.0007328,              0.0007328
                    162,                 1.0247,                0.79503,                 1.6782,                0.93449,                0.98214,                0.98872,                0.77364,                0.83714,                0.77976,                 1.5963,             0.00072488,             0.00072488,             0.00072488
                    163,                 1.2148,                0.82092,                 1.8526,                0.93105,                0.96449,                0.97559,                0.74247,                0.93538,                0.91354,                 1.6902,             0.00071696,             0.00071696,             0.00071696
                    164,                 1.1967,                0.86887,                 1.8931,                0.92236,                0.94643,                0.97522,                0.74725,                 0.9423,                0.95628,                 1.6965,             0.00070904,             0.00070904,             0.00070904
                    165,                 1.4454,                0.91605,                 1.9286,                0.95898,                      1,                0.98743,                0.77656,                0.88307,                0.79246,                 1.6323,             0.00070112,             0.00070112,             0.00070112
                    166,                 1.0929,                0.76865,                 1.7207,                0.98074,                      1,                  0.995,                0.80835,                0.79823,                0.65145,                 1.5461,              0.0006932,              0.0006932,              0.0006932
                    167,                  1.105,                0.81249,                 1.6746,                0.99457,                      1,                  0.995,                0.79144,                0.82247,                0.61344,                 1.5543,             0.00068528,             0.00068528,             0.00068528
                    168,                 1.1753,                0.83196,                 1.7999,                0.99986,                      1,                  0.995,                0.78691,                0.83082,                0.62204,                 1.5413,             0.00067736,             0.00067736,             0.00067736
                    169,                  1.138,                0.79641,                 1.7782,                0.99982,                      1,                  0.995,                0.78535,                0.86081,                0.63062,                 1.5255,             0.00066944,             0.00066944,             0.00066944
                    170,                 1.0445,                0.78796,                 1.7251,                0.99713,                      1,                  0.995,                0.78083,                0.87927,                0.62533,                 1.5202,             0.00066152,             0.00066152,             0.00066152
                    171,                 1.0553,                0.79428,                 1.6942,                      1,                0.99516,                  0.995,                 0.8002,                0.80867,                0.61259,                 1.4642,              0.0006536,              0.0006536,              0.0006536
                    172,                 1.0504,                0.73102,                 1.6354,                0.99891,                      1,                  0.995,                0.83187,                0.72069,                0.60537,                 1.4201,             0.00064568,             0.00064568,             0.00064568
                    173,                  1.096,                0.78876,                 1.7078,                0.99638,                      1,                  0.995,                0.79682,                0.81243,                 0.6127,                 1.5076,             0.00063776,             0.00063776,             0.00063776
                    174,                  1.064,                0.76244,                 1.6812,                0.99815,                      1,                  0.995,                0.75569,                0.92543,                0.62685,                 1.6189,             0.00062984,             0.00062984,             0.00062984
                    175,                 1.0375,                0.77827,                 1.6967,                 0.9988,                      1,                  0.995,                0.76552,                0.90553,                0.61346,                 1.6013,             0.00062192,             0.00062192,             0.00062192
                    176,                 1.0481,                0.70311,                 1.6588,                0.99914,                      1,                  0.995,                0.81692,                0.78902,                0.56229,                 1.4857,               0.000614,               0.000614,               0.000614
                    177,                 1.1214,                0.75999,                 1.6797,                0.99852,                      1,                  0.995,                 0.8493,                0.68736,                0.54795,                  1.393,             0.00060608,             0.00060608,             0.00060608
                    178,                0.99102,                0.71268,                 1.5954,                0.99665,                      1,                  0.995,                0.82941,                0.69824,                 0.5962,                 1.4026,             0.00059816,             0.00059816,             0.00059816
                    179,                 1.0221,                0.74631,                 1.6724,                0.99587,                      1,                  0.995,                 0.8319,                0.70988,                0.60404,                 1.4061,             0.00059024,             0.00059024,             0.00059024
                    180,                 1.0742,                0.75892,                 1.7141,                0.99641,                      1,                  0.995,                0.83491,                0.73513,                0.59278,                 1.4015,             0.00058232,             0.00058232,             0.00058232
                    181,                0.92513,                0.70854,                 1.5671,                      1,                0.99909,                  0.995,                 0.8123,                0.80273,                0.59879,                 1.4408,              0.0005744,              0.0005744,              0.0005744
                    182,                 1.0715,                0.80851,                 1.6606,                0.99576,                      1,                  0.995,                0.82275,                0.77093,                0.58495,                 1.4236,             0.00056648,             0.00056648,             0.00056648
                    183,                 1.0204,                0.75287,                 1.6084,                0.99797,                      1,                  0.995,                0.82352,                0.73679,                0.57124,                 1.4243,             0.00055856,             0.00055856,             0.00055856
                    184,                 0.9783,                0.71286,                 1.6261,                0.99662,                      1,                  0.995,                0.82735,                0.72315,                 0.5664,                 1.4316,             0.00055064,             0.00055064,             0.00055064
                    185,                 1.1388,                0.77458,                 1.7313,                 0.9979,                      1,                  0.995,                0.83463,                0.70338,                0.55618,                 1.4084,             0.00054272,             0.00054272,             0.00054272
                    186,                0.92985,                0.75174,                 1.6051,                0.99804,                      1,                  0.995,                0.80843,                0.75794,                0.55996,                 1.4319,              0.0005348,              0.0005348,              0.0005348
                    187,                 1.1327,                0.75303,                 1.7154,                  0.998,                      1,                  0.995,                0.80784,                0.76723,                0.56182,                 1.4427,             0.00052688,             0.00052688,             0.00052688
                    188,                 1.0759,                0.75976,                  1.705,                 0.9983,                      1,                  0.995,                0.82998,                0.71148,                0.55455,                 1.4005,             0.00051896,             0.00051896,             0.00051896
                    189,                0.99644,                0.75971,                 1.6423,                0.99741,                      1,                  0.995,                0.84904,                0.68536,                  0.565,                 1.3948,             0.00051104,             0.00051104,             0.00051104
                    190,                 1.0189,                 0.7032,                 1.6431,                0.99741,                      1,                  0.995,                 0.8334,                0.70777,                0.55921,                 1.4119,             0.00050312,             0.00050312,             0.00050312
                    191,                0.97728,                0.72942,                  1.587,                0.99789,                      1,                  0.995,                0.82821,                0.73609,                0.56779,                  1.416,              0.0004952,              0.0004952,              0.0004952
                    192,                 1.0245,                0.68312,                 1.6152,                0.99857,                      1,                  0.995,                0.81455,                0.78899,                0.58021,                 1.4336,             0.00048728,             0.00048728,             0.00048728
                    193,                 1.0089,                0.73606,                  1.638,                0.99906,                      1,                  0.995,                0.80648,                0.80403,                0.57087,                 1.4358,             0.00047936,             0.00047936,             0.00047936
                    194,                0.97581,                0.69271,                 1.5812,                0.99744,                      1,                  0.995,                0.82722,                 0.7232,                0.54729,                 1.3826,             0.00047144,             0.00047144,             0.00047144
                    195,                 1.1034,                0.74865,                 1.6901,                0.99708,                      1,                  0.995,                0.85043,                0.66194,                0.53429,                  1.363,             0.00046352,             0.00046352,             0.00046352
                    196,                0.95709,                0.70604,                 1.6243,                0.99843,                      1,                  0.995,                0.82939,                 0.6878,                0.53097,                  1.396,              0.0004556,              0.0004556,              0.0004556
                    197,                  1.079,                0.76425,                 1.7253,                0.99905,                      1,                  0.995,                0.83219,                0.69361,                0.53851,                 1.4065,             0.00044768,             0.00044768,             0.00044768
                    198,                 1.1034,                0.73398,                 1.6866,                0.99899,                      1,                  0.995,                0.83483,                0.67762,                0.53075,                 1.3924,             0.00043976,             0.00043976,             0.00043976
                    199,                 1.0154,                0.75493,                 1.7109,                0.99809,                      1,                  0.995,                0.83093,                0.70314,                0.52393,                 1.3912,             0.00043184,             0.00043184,             0.00043184
                    200,                 1.0215,                0.68389,                 1.6127,                0.99747,                      1,                  0.995,                 0.8282,                0.72846,                0.54035,                 1.3953,             0.00042392,             0.00042392,             0.00042392
                    201,                 1.0579,                0.73478,                  1.698,                 0.9949,                      1,                  0.995,                 0.8367,                0.70825,                0.54115,                 1.3776,               0.000416,               0.000416,               0.000416
                    202,                0.97443,                0.67897,                 1.5814,                0.99348,                      1,                  0.995,                0.85805,                0.67031,                0.53335,                 1.3573,             0.00040808,             0.00040808,             0.00040808
                    203,                0.96962,                0.70247,                 1.5967,                 0.9978,                      1,                  0.995,                 0.8555,                0.66914,                0.52192,                 1.3676,             0.00040016,             0.00040016,             0.00040016
                    204,                0.95261,                0.68106,                 1.5986,                0.99693,                      1,                  0.995,                0.85514,                  0.665,                0.51129,                 1.3672,             0.00039224,             0.00039224,             0.00039224
                    205,                0.98814,                0.67235,                 1.5908,                0.99752,                      1,                  0.995,                0.84491,                0.66541,                0.51469,                 1.3601,             0.00038432,             0.00038432,             0.00038432
                    206,                0.90866,                 0.6547,                  1.523,                0.99811,                      1,                  0.995,                0.84429,                0.69378,                0.51791,                 1.3678,              0.0003764,              0.0003764,              0.0003764
                    207,                 1.0351,                0.72678,                   1.63,                0.99852,                      1,                  0.995,                0.83669,                0.70214,                0.52117,                 1.3703,             0.00036848,             0.00036848,             0.00036848
                    208,                 1.0917,                0.88181,                 1.7852,                0.99863,                      1,                  0.995,                0.85036,                0.69473,                0.53813,                 1.3665,             0.00036056,             0.00036056,             0.00036056
                    209,                 0.8978,                0.63067,                 1.5171,                0.99852,                      1,                  0.995,                0.84426,                0.67796,                0.55107,                 1.3552,             0.00035264,             0.00035264,             0.00035264
                    210,                 1.0109,                0.72646,                 1.6454,                0.99815,                      1,                  0.995,                0.83258,                0.68726,                 0.5689,                 1.3666,             0.00034472,             0.00034472,             0.00034472
                    211,                0.94302,                0.68385,                 1.6018,                0.99789,                      1,                  0.995,                0.84778,                 0.6871,                0.56762,                 1.3737,              0.0003368,              0.0003368,              0.0003368
                    212,                0.89399,                0.66839,                 1.5106,                0.99838,                      1,                  0.995,                0.85632,                0.65941,                0.54133,                 1.3679,             0.00032888,             0.00032888,             0.00032888
                    213,                0.94031,                0.69754,                 1.5772,                0.99878,                      1,                  0.995,                0.85275,                0.66997,                0.51922,                 1.3857,             0.00032096,             0.00032096,             0.00032096
                    214,                0.98465,                0.68961,                 1.5863,                0.99838,                      1,                  0.995,                0.82705,                0.72984,                 0.5212,                 1.4447,             0.00031304,             0.00031304,             0.00031304
                    215,                0.88522,                0.60833,                 1.5236,                0.99833,                      1,                  0.995,                0.82207,                0.73646,                0.53516,                 1.4448,             0.00030512,             0.00030512,             0.00030512
                    216,                 1.0658,                 0.7036,                 1.6791,                0.99826,                      1,                  0.995,                0.83521,                0.69503,                0.54643,                 1.3915,              0.0002972,              0.0002972,              0.0002972
                    217,                0.86388,                0.61463,                 1.4604,                0.99797,                      1,                  0.995,                0.83944,                0.67899,                0.53521,                 1.3626,             0.00028928,             0.00028928,             0.00028928
                    218,                 0.8575,                0.68246,                 1.5285,                0.99772,                      1,                  0.995,                0.83666,                0.70424,                0.53454,                 1.3709,             0.00028136,             0.00028136,             0.00028136
                    219,                 1.0369,                0.75925,                 1.7305,                 0.9981,                      1,                  0.995,                0.82518,                0.70363,                0.52707,                 1.3635,             0.00027344,             0.00027344,             0.00027344
                    220,                0.97857,                0.66131,                 1.5983,                0.99742,                      1,                  0.995,                0.85353,                   0.67,                0.51163,                 1.3397,             0.00026552,             0.00026552,             0.00026552
                    221,                0.99547,                0.71671,                  1.587,                0.99845,                      1,                  0.995,                0.85985,                0.64741,                0.49669,                 1.3331,              0.0002576,              0.0002576,              0.0002576
                    222,                0.97995,                0.68705,                 1.5674,                 0.9986,                      1,                  0.995,                0.84923,                0.67094,                0.49272,                  1.366,             0.00024968,             0.00024968,             0.00024968
                    223,                0.95346,                0.68236,                 1.5602,                0.99886,                      1,                  0.995,                0.82707,                0.71184,                0.49373,                 1.4129,             0.00024176,             0.00024176,             0.00024176
                    224,                0.92539,                0.66342,                 1.5488,                0.99879,                      1,                  0.995,                0.84127,                0.69931,                0.49457,                 1.3972,             0.00023384,             0.00023384,             0.00023384
                    225,                0.89911,                0.64189,                 1.5512,                0.99858,                      1,                  0.995,                0.84265,                0.66965,                0.49082,                 1.3594,             0.00022592,             0.00022592,             0.00022592
                    226,                0.95738,                0.66196,                 1.5569,                0.99844,                      1,                  0.995,                0.84609,                 0.6574,                0.49662,                 1.3406,               0.000218,               0.000218,               0.000218
                    227,                 1.0325,                 0.6774,                 1.6361,                0.99848,                      1,                  0.995,                 0.8513,                0.65151,                0.49861,                 1.3324,             0.00021008,             0.00021008,             0.00021008
                    228,                0.92283,                0.62805,                 1.5112,                0.99855,                      1,                  0.995,                0.86123,                0.64471,                0.49548,                 1.3269,             0.00020216,             0.00020216,             0.00020216
                    229,                0.92026,                 0.6425,                 1.5901,                 0.9987,                      1,                  0.995,                0.85364,                0.64328,                0.49489,                 1.3276,             0.00019424,             0.00019424,             0.00019424
                    230,                0.97245,                  0.627,                 1.5688,                0.99873,                      1,                  0.995,                 0.8528,                 0.6419,                0.49449,                 1.3288,             0.00018632,             0.00018632,             0.00018632
                    231,                 1.0584,                0.73109,                 1.7299,                0.99878,                      1,                  0.995,                0.85999,                0.65075,                0.48178,                 1.3404,              0.0001784,              0.0001784,              0.0001784
                    232,                0.95122,                0.65687,                   1.59,                0.99763,                      1,                  0.995,                0.85769,                0.65104,                0.48008,                 1.3434,             0.00017048,             0.00017048,             0.00017048
                    233,                 0.9182,                 0.6426,                 1.5491,                0.99622,                      1,                  0.995,                0.85439,                0.64607,                0.48067,                 1.3406,             0.00016256,             0.00016256,             0.00016256
                    234,                0.83184,                0.60769,                 1.4526,                0.99539,                      1,                  0.995,                0.85583,                0.63822,                0.47412,                 1.3359,             0.00015464,             0.00015464,             0.00015464
                    235,                0.77768,                0.58753,                 1.4557,                0.99576,                      1,                  0.995,                 0.8594,                 0.6277,                0.47319,                 1.3286,             0.00014672,             0.00014672,             0.00014672
                    236,                0.89526,                0.65175,                 1.5256,                0.99826,                      1,                  0.995,                0.85744,                0.62374,                0.47782,                 1.3214,              0.0001388,              0.0001388,              0.0001388
                    237,                0.91302,                0.62878,                 1.5441,                0.99836,                      1,                  0.995,                0.85452,                0.62598,                0.47633,                 1.3188,             0.00013088,             0.00013088,             0.00013088
                    238,                0.91607,                0.62588,                 1.5286,                0.99855,                      1,                  0.995,                0.85581,                0.62457,                0.47596,                 1.3129,             0.00012296,             0.00012296,             0.00012296
                    239,                0.93511,                0.64631,                  1.519,                0.99837,                      1,                  0.995,                0.85739,                0.62194,                0.47234,                 1.3071,             0.00011504,             0.00011504,             0.00011504
                    240,                0.94291,                0.64618,                 1.5555,                0.99874,                      1,                  0.995,                0.85387,                0.61907,                0.46949,                  1.306,             0.00010712,             0.00010712,             0.00010712
                    241,                0.75198,                0.68978,                 1.4197,                0.99877,                      1,                  0.995,                0.86279,                 0.6161,                0.47137,                 1.3057,               9.92e-05,               9.92e-05,               9.92e-05
                    242,                 0.6997,                 0.6086,                 1.3819,                0.99889,                      1,                  0.995,                0.86075,                0.61473,                0.47165,                  1.304,              9.128e-05,              9.128e-05,              9.128e-05
                    243,                0.78874,                0.65097,                 1.4377,                 0.9989,                      1,                  0.995,                0.86239,                0.61304,                0.47815,                 1.3039,              8.336e-05,              8.336e-05,              8.336e-05
                    244,                0.75049,                0.62243,                 1.4297,                0.99892,                      1,                  0.995,                0.86554,                0.61279,                0.47846,                 1.3017,              7.544e-05,              7.544e-05,              7.544e-05
                    245,                0.74483,                0.61762,                 1.4016,                0.99987,                      1,                  0.995,                0.87041,                0.61323,                0.48164,                 1.3035,              6.752e-05,              6.752e-05,              6.752e-05
                    246,                0.71124,                0.60345,                 1.4159,                0.99935,                      1,                  0.995,                0.86779,                0.61737,                0.48486,                  1.308,               5.96e-05,               5.96e-05,               5.96e-05
                    247,                0.67889,                0.60336,                 1.3142,                0.99905,                      1,                  0.995,                0.86479,                0.62006,                0.48704,                 1.3102,              5.168e-05,              5.168e-05,              5.168e-05
                    248,                0.66606,                0.56763,                 1.3532,                0.99886,                      1,                  0.995,                0.86027,                0.62117,                0.48507,                 1.3104,              4.376e-05,              4.376e-05,              4.376e-05
                    249,                0.76235,                0.63313,                 1.4441,                0.99866,                      1,                  0.995,                0.85964,                0.62042,                0.48556,                 1.3075,              3.584e-05,              3.584e-05,              3.584e-05
                    250,                0.68859,                 0.6006,                 1.3331,                0.99875,                      1,                  0.995,                0.85973,                0.61786,                0.48264,                 1.3029,              2.792e-05,              2.792e-05,              2.792e-05
